{
  "config": {
    "root": "zenodo_biceps\\sEMG_data",
    "side": "R",
    "win": 4.0,
    "step": 2.0,
    "target_fs": 250,
    "label_mode": "binary_drop_transition",
    "min_label_purity": 0.8,
    "transition_margin_sec": 4.0,
    "temporal": true,
    "temporal_history": 5,
    "subject_norm": true,
    "n_features": 32
  },
  "subjects": [
    1,
    2,
    3,
    4,
    5,
    7,
    8,
    9,
    10,
    11,
    12,
    13
  ],
  "dropped_windows": {
    "1": {
      "mixed": 0,
      "boundary": 8
    },
    "2": {
      "mixed": 0,
      "boundary": 8
    },
    "3": {
      "mixed": 0,
      "boundary": 8
    },
    "4": {
      "mixed": 0,
      "boundary": 8
    },
    "5": {
      "mixed": 0,
      "boundary": 8
    },
    "7": {
      "mixed": 0,
      "boundary": 8
    },
    "8": {
      "mixed": 0,
      "boundary": 8
    },
    "9": {
      "mixed": 0,
      "boundary": 8
    },
    "10": {
      "mixed": 0,
      "boundary": 8
    },
    "11": {
      "mixed": 0,
      "boundary": 8
    },
    "12": {
      "mixed": 0,
      "boundary": 8
    },
    "13": {
      "mixed": 0,
      "boundary": 8
    }
  },
  "results": {
    "RF": {
      "mean_acc": 0.8958544038006387,
      "std_acc": 0.12991062890924565,
      "mean_f1": 0.8540918631709778,
      "per_fold_acc": [
        0.9636363636363636,
        0.972972972972973,
        0.7916666666666666,
        0.9484536082474226,
        0.9038461538461539,
        0.5058823529411764,
        0.9649122807017544,
        0.9565217391304348,
        0.8909090909090909,
        0.9898477157360406,
        0.8739495798319328,
        0.9876543209876543
      ],
      "per_fold_f1": [
        0.9636243386243386,
        0.9727941176470588,
        0.4418604651162791,
        0.9450922676327409,
        0.8890311566367904,
        0.4407894736842105,
        0.9308671922377199,
        0.9559293165850542,
        0.8701298701298701,
        0.9803393213572854,
        0.8709980487099804,
        0.9876467896904072
      ]
    },
    "SVM": {
      "mean_acc": 0.8800662211248742,
      "std_acc": 0.12410875243616322,
      "mean_f1": 0.8375614625191493,
      "per_fold_acc": [
        0.9636363636363636,
        0.9459459459459459,
        0.7916666666666666,
        0.7731958762886598,
        0.8846153846153846,
        0.5529411764705883,
        0.9912280701754386,
        0.9710144927536232,
        0.8636363636363636,
        0.9949238578680203,
        0.8403361344537815,
        0.9876543209876543
      ],
      "per_fold_f1": [
        0.9636243386243386,
        0.9453067257945307,
        0.4418604651162791,
        0.7109967497291441,
        0.8689075630252101,
        0.5027709359605912,
        0.9813328966759456,
        0.9705128205128205,
        0.8482758620689655,
        0.9903017771870231,
        0.8392006258445346,
        0.9876467896904072
      ]
    },
    "KNN": {
      "mean_acc": 0.8334772857443865,
      "std_acc": 0.11754158136275035,
      "mean_f1": 0.7865172206714997,
      "per_fold_acc": [
        0.9454545454545454,
        0.9864864864864865,
        0.7604166666666666,
        0.8041237113402062,
        0.6730769230769231,
        0.6,
        0.9035087719298246,
        0.9855072463768116,
        0.8181818181818182,
        0.7715736040609137,
        0.8151260504201681,
        0.9382716049382716
      ],
      "per_fold_f1": [
        0.9454545454545454,
        0.9864245092643552,
        0.4319526627218935,
        0.7589274035317201,
        0.6670433145009416,
        0.5683990442054958,
        0.8423632935260843,
        0.9851963098047629,
        0.7989766081871346,
        0.7004359138985572,
        0.8147990945104697,
        0.938233948452036
      ]
    }
  },
  "figure": "C:\\Users\\AUT\\OneDrive - AUT University\\Documents\\GitHub\\Final-Year-Project\\zenodo_biceps\\out\\classifier_comparison_binary_drop_transition_250hz_temporal_m4s.png"
}