{
  "config": {
    "root": "zenodo_biceps\\sEMG_data",
    "side": "R",
    "win": 4.0,
    "step": 2.0,
    "target_fs": 1259,
    "label_mode": "binary_drop_transition",
    "min_label_purity": 0.8,
    "transition_margin_sec": 4.0,
    "temporal": true,
    "temporal_history": 5,
    "subject_norm": true,
    "n_features": 32
  },
  "subjects": [
    1,
    2,
    3,
    4,
    5,
    7,
    8,
    9,
    10,
    11,
    12,
    13
  ],
  "dropped_windows": {
    "1": {
      "mixed": 0,
      "boundary": 8
    },
    "2": {
      "mixed": 0,
      "boundary": 8
    },
    "3": {
      "mixed": 0,
      "boundary": 8
    },
    "4": {
      "mixed": 0,
      "boundary": 8
    },
    "5": {
      "mixed": 0,
      "boundary": 8
    },
    "7": {
      "mixed": 0,
      "boundary": 8
    },
    "8": {
      "mixed": 0,
      "boundary": 8
    },
    "9": {
      "mixed": 0,
      "boundary": 8
    },
    "10": {
      "mixed": 0,
      "boundary": 8
    },
    "11": {
      "mixed": 0,
      "boundary": 8
    },
    "12": {
      "mixed": 0,
      "boundary": 8
    },
    "13": {
      "mixed": 0,
      "boundary": 8
    }
  },
  "results": {
    "RF": {
      "mean_acc": 0.9095883544107575,
      "std_acc": 0.11567103200022505,
      "mean_f1": 0.8763730554472905,
      "per_fold_acc": [
        0.9636363636363636,
        0.972972972972973,
        0.78125,
        0.9896907216494846,
        1.0,
        0.6470588235294118,
        0.9912280701754386,
        0.9710144927536232,
        0.7545454545454545,
        0.9949238578680203,
        0.8487394957983193,
        1.0
      ],
      "per_fold_f1": [
        0.9636243386243386,
        0.9727941176470588,
        0.43859649122807015,
        0.9890184535265482,
        1.0,
        0.6284965034965035,
        0.9813328966759456,
        0.9705128205128205,
        0.7362110311750599,
        0.9903017771870231,
        0.8455882352941176,
        1.0
      ]
    },
    "SVM": {
      "mean_acc": 0.890051472797959,
      "std_acc": 0.1366622866537091,
      "mean_f1": 0.854204619313025,
      "per_fold_acc": [
        0.9636363636363636,
        0.9324324324324325,
        0.7916666666666666,
        0.9381443298969072,
        1.0,
        0.5529411764705883,
        0.9912280701754386,
        1.0,
        0.7,
        0.9949238578680203,
        0.8403361344537815,
        0.9753086419753086
      ],
      "per_fold_f1": [
        0.9636243386243386,
        0.9314179796107507,
        0.4418604651162791,
        0.9320728291316527,
        1.0,
        0.5027709359605912,
        0.9813328966759456,
        1.0,
        0.6926593853187706,
        0.9903017771870231,
        0.8392006258445346,
        0.9752141982864138
      ]
    },
    "KNN": {
      "mean_acc": 0.853104369841566,
      "std_acc": 0.12518327006225693,
      "mean_f1": 0.8206990657525459,
      "per_fold_acc": [
        0.9090909090909091,
        0.9459459459459459,
        0.8125,
        0.865979381443299,
        0.9038461538461539,
        0.5294117647058824,
        0.9473684210526315,
        0.9565217391304348,
        0.6818181818181818,
        0.9644670050761421,
        0.8067226890756303,
        0.9135802469135802
      ],
      "per_fold_f1": [
        0.9089705395564383,
        0.9453067257945307,
        0.5996292863762743,
        0.8572398958451262,
        0.8851082633672116,
        0.4674185463659148,
        0.9010416666666667,
        0.9559293165850542,
        0.6720333929636255,
        0.9355155482815057,
        0.8066680793953521,
        0.9135275278328503
      ]
    }
  },
  "figure": "C:\\Users\\AUT\\OneDrive - AUT University\\Documents\\GitHub\\Final-Year-Project\\zenodo_biceps\\out\\classifier_comparison_binary_drop_transition_temporal_m4s.png"
}