{
  "config": {
    "root": "zenodo_biceps\\sEMG_data",
    "side": "R",
    "win": 4.0,
    "step": 2.0,
    "target_fs": 1259,
    "label_mode": "3class",
    "min_label_purity": 0.8,
    "transition_margin_sec": 4.0,
    "temporal": true,
    "temporal_history": 5,
    "subject_norm": true,
    "n_features": 32
  },
  "subjects": [
    1,
    2,
    3,
    4,
    5,
    7,
    8,
    9,
    10,
    11,
    12,
    13
  ],
  "dropped_windows": {
    "1": {
      "mixed": 0,
      "boundary": 8
    },
    "2": {
      "mixed": 0,
      "boundary": 8
    },
    "3": {
      "mixed": 0,
      "boundary": 8
    },
    "4": {
      "mixed": 0,
      "boundary": 8
    },
    "5": {
      "mixed": 0,
      "boundary": 8
    },
    "7": {
      "mixed": 0,
      "boundary": 8
    },
    "8": {
      "mixed": 0,
      "boundary": 8
    },
    "9": {
      "mixed": 0,
      "boundary": 8
    },
    "10": {
      "mixed": 0,
      "boundary": 8
    },
    "11": {
      "mixed": 0,
      "boundary": 8
    },
    "12": {
      "mixed": 0,
      "boundary": 8
    },
    "13": {
      "mixed": 0,
      "boundary": 8
    }
  },
  "results": {
    "RF": {
      "mean_acc": 0.7314930436478392,
      "std_acc": 0.1326738870990311,
      "mean_f1": 0.6750603810914866,
      "per_fold_acc": [
        0.825,
        0.8987341772151899,
        0.5075757575757576,
        0.7203389830508474,
        0.7093023255813954,
        0.5163398692810458,
        0.9030303030303031,
        0.7355371900826446,
        0.6302521008403361,
        0.8898305084745762,
        0.6419753086419753,
        0.8
      ],
      "per_fold_f1": [
        0.8201595521093253,
        0.7920768870135958,
        0.22905982905982905,
        0.6588834154351396,
        0.7198477109641838,
        0.4669125236289415,
        0.8774079210972415,
        0.7381696893892015,
        0.557692514837834,
        0.829351860664319,
        0.643477592517499,
        0.7676850763807286
      ]
    },
    "SVM": {
      "mean_acc": 0.7281609665990564,
      "std_acc": 0.14805402313552618,
      "mean_f1": 0.674151229434079,
      "per_fold_acc": [
        0.8125,
        0.8860759493670886,
        0.5454545454545454,
        0.6694915254237288,
        0.7209302325581395,
        0.46405228758169936,
        0.8909090909090909,
        0.7768595041322314,
        0.6050420168067226,
        0.902542372881356,
        0.5740740740740741,
        0.89
      ],
      "per_fold_f1": [
        0.8082863435925732,
        0.7762992497938335,
        0.2775641025641026,
        0.5975192828851366,
        0.7462962962962963,
        0.3870395703501039,
        0.8666666666666667,
        0.781628339727538,
        0.5572818581293157,
        0.8493751963027774,
        0.5712868001038405,
        0.8705710467967637
      ]
    },
    "KNN": {
      "mean_acc": 0.6700670156612207,
      "std_acc": 0.1273404384184824,
      "mean_f1": 0.6016430212609958,
      "per_fold_acc": [
        0.75,
        0.8607594936708861,
        0.553030303030303,
        0.6779661016949152,
        0.5697674418604651,
        0.43790849673202614,
        0.8484848484848485,
        0.7355371900826446,
        0.5714285714285714,
        0.7627118644067796,
        0.5432098765432098,
        0.73
      ],
      "per_fold_f1": [
        0.7473701675792269,
        0.7048017568850903,
        0.3378099310133293,
        0.5980762624527654,
        0.548826657213754,
        0.406994119681771,
        0.7917165097692481,
        0.7341984878935782,
        0.4876583900974145,
        0.6338484769666494,
        0.5396076727083706,
        0.6888078228707504
      ]
    }
  },
  "figure": "C:\\Users\\AUT\\OneDrive - AUT University\\Documents\\GitHub\\Final-Year-Project\\zenodo_biceps\\out\\classifier_comparison_3class_temporal_m4s.png"
}