{
  "config": {
    "root": "zenodo_biceps\\sEMG_data",
    "side": "R",
    "win": 4.0,
    "step": 2.0,
    "target_fs": 250,
    "label_mode": "3class",
    "min_label_purity": 0.8,
    "transition_margin_sec": 4.0,
    "temporal": true,
    "temporal_history": 5,
    "subject_norm": true,
    "n_features": 32
  },
  "subjects": [
    1,
    2,
    3,
    4,
    5,
    7,
    8,
    9,
    10,
    11,
    12,
    13
  ],
  "dropped_windows": {
    "1": {
      "mixed": 0,
      "boundary": 8
    },
    "2": {
      "mixed": 0,
      "boundary": 8
    },
    "3": {
      "mixed": 0,
      "boundary": 8
    },
    "4": {
      "mixed": 0,
      "boundary": 8
    },
    "5": {
      "mixed": 0,
      "boundary": 8
    },
    "7": {
      "mixed": 0,
      "boundary": 8
    },
    "8": {
      "mixed": 0,
      "boundary": 8
    },
    "9": {
      "mixed": 0,
      "boundary": 8
    },
    "10": {
      "mixed": 0,
      "boundary": 8
    },
    "11": {
      "mixed": 0,
      "boundary": 8
    },
    "12": {
      "mixed": 0,
      "boundary": 8
    },
    "13": {
      "mixed": 0,
      "boundary": 8
    }
  },
  "results": {
    "RF": {
      "mean_acc": 0.7046275071311582,
      "std_acc": 0.14403544544733593,
      "mean_f1": 0.6434419748792422,
      "per_fold_acc": [
        0.8125,
        0.8607594936708861,
        0.5909090909090909,
        0.7457627118644068,
        0.5348837209302325,
        0.35294117647058826,
        0.806060606060606,
        0.7272727272727273,
        0.7142857142857143,
        0.7796610169491526,
        0.6604938271604939,
        0.87
      ],
      "per_fold_f1": [
        0.8042917948578326,
        0.6646515183100549,
        0.3825396825396825,
        0.6599278419861799,
        0.535978835978836,
        0.3110695894649,
        0.800385936497504,
        0.731052295102928,
        0.6489533011272142,
        0.6792307692307693,
        0.6507847158001957,
        0.852437417654809
      ]
    },
    "SVM": {
      "mean_acc": 0.6852549985137425,
      "std_acc": 0.14909779849458302,
      "mean_f1": 0.6378622071072931,
      "per_fold_acc": [
        0.7875,
        0.8987341772151899,
        0.5909090909090909,
        0.652542372881356,
        0.5348837209302325,
        0.3333333333333333,
        0.8,
        0.6942148760330579,
        0.6554621848739496,
        0.7288135593220338,
        0.6666666666666666,
        0.88
      ],
      "per_fold_f1": [
        0.7815210932857992,
        0.7699404761904761,
        0.36107102773769445,
        0.5676510115869383,
        0.5514855514855515,
        0.2811511701454776,
        0.7889635211882918,
        0.7014976266589169,
        0.6379912115505336,
        0.6850808007981763,
        0.6638515805182472,
        0.8641414141414142
      ]
    },
    "KNN": {
      "mean_acc": 0.6058764021273849,
      "std_acc": 0.1441880275960598,
      "mean_f1": 0.5380541158304196,
      "per_fold_acc": [
        0.675,
        0.9113924050632911,
        0.553030303030303,
        0.5847457627118644,
        0.47674418604651164,
        0.32679738562091504,
        0.6242424242424243,
        0.6694214876033058,
        0.6554621848739496,
        0.4449152542372881,
        0.5987654320987654,
        0.75
      ],
      "per_fold_f1": [
        0.6271275202932705,
        0.7546698326549074,
        0.3587874369722374,
        0.5018849449204406,
        0.4784688995215311,
        0.2906643757159221,
        0.5482020515495866,
        0.669478574484993,
        0.5568280675295397,
        0.4119829634507484,
        0.5667635164607684,
        0.6917912064110894
      ]
    }
  },
  "figure": "C:\\Users\\AUT\\OneDrive - AUT University\\Documents\\GitHub\\Final-Year-Project\\zenodo_biceps\\out\\classifier_comparison_3class_250hz_temporal_m4s.png"
}