{
  "config": {
    "root": "zenodo_biceps\\sEMG_data",
    "side": "R",
    "win": 4.0,
    "step": 2.0,
    "target_fs": 250,
    "label_mode": "3class",
    "min_label_purity": 0.8,
    "transition_margin_sec": 0.0,
    "temporal": false,
    "temporal_history": 5,
    "subject_norm": true,
    "n_features": 8
  },
  "subjects": [
    1,
    2,
    3,
    4,
    5,
    7,
    8,
    9,
    10,
    11,
    12,
    13
  ],
  "dropped_windows": {
    "1": {
      "mixed": 3,
      "boundary": 0
    },
    "2": {
      "mixed": 4,
      "boundary": 0
    },
    "3": {
      "mixed": 2,
      "boundary": 0
    },
    "4": {
      "mixed": 2,
      "boundary": 0
    },
    "5": {
      "mixed": 3,
      "boundary": 0
    },
    "7": {
      "mixed": 3,
      "boundary": 0
    },
    "8": {
      "mixed": 4,
      "boundary": 0
    },
    "9": {
      "mixed": 2,
      "boundary": 0
    },
    "10": {
      "mixed": 3,
      "boundary": 0
    },
    "11": {
      "mixed": 3,
      "boundary": 0
    },
    "12": {
      "mixed": 2,
      "boundary": 0
    },
    "13": {
      "mixed": 3,
      "boundary": 0
    }
  },
  "results": {
    "RF": {
      "mean_acc": 0.6587356110937069,
      "std_acc": 0.14181076339557772,
      "mean_f1": 0.5933445978987749,
      "per_fold_acc": [
        0.788235294117647,
        0.8313253012048193,
        0.4855072463768116,
        0.6209677419354839,
        0.4945054945054945,
        0.36075949367088606,
        0.6568047337278107,
        0.7165354330708661,
        0.6774193548387096,
        0.8215767634854771,
        0.6607142857142857,
        0.7904761904761904
      ],
      "per_fold_f1": [
        0.7739199908691434,
        0.6004662004662005,
        0.29838022165387895,
        0.5704871538204871,
        0.46503267973856205,
        0.3246172891056828,
        0.6124425504332206,
        0.7218162509113547,
        0.6188224363819602,
        0.705665519219736,
        0.6547697084698982,
        0.7737151737151736
      ]
    },
    "SVM": {
      "mean_acc": 0.6425142410429485,
      "std_acc": 0.13798672883746999,
      "mean_f1": 0.5898092776736753,
      "per_fold_acc": [
        0.7411764705882353,
        0.8192771084337349,
        0.5362318840579711,
        0.5564516129032258,
        0.4725274725274725,
        0.34810126582278483,
        0.7100591715976331,
        0.7165354330708661,
        0.6532258064516129,
        0.7053941908713693,
        0.6130952380952381,
        0.8380952380952381
      ],
      "per_fold_f1": [
        0.7256880561355984,
        0.5981800766283525,
        0.33451536643026003,
        0.5038477562924295,
        0.4701161363421773,
        0.3059496784986981,
        0.6632856715571456,
        0.7238649925029835,
        0.6423199281475326,
        0.6788187523905279,
        0.6101679124873921,
        0.8209570046710066
      ]
    },
    "KNN": {
      "mean_acc": 0.6284324327328984,
      "std_acc": 0.15394318181392905,
      "mean_f1": 0.5583886774462533,
      "per_fold_acc": [
        0.7294117647058823,
        0.8433734939759037,
        0.47101449275362317,
        0.5806451612903226,
        0.3956043956043956,
        0.310126582278481,
        0.6627218934911243,
        0.6692913385826772,
        0.6774193548387096,
        0.7634854771784232,
        0.6666666666666666,
        0.7714285714285715
      ],
      "per_fold_f1": [
        0.7114895080839353,
        0.6026557711950971,
        0.29084249084249086,
        0.5244618204779429,
        0.3983416252072969,
        0.2845749185845737,
        0.5966666666666667,
        0.6719459402386231,
        0.5841183687899016,
        0.6520101152350545,
        0.6442498184901426,
        0.7393070855433157
      ]
    }
  },
  "figure": "C:\\Users\\AUT\\OneDrive - AUT University\\Documents\\GitHub\\Final-Year-Project\\zenodo_biceps\\out\\classifier_comparison_3class_250hz.png"
}